{"best_phi": [0.005, 0.24874999999999997, 1.0, 0.24749999999999997, 1.0, 1e-05, 0.5, 0.024999999999999994, 2000.0, 1250.0], "train_mean_reward": 1.3225914600000002, "timestep": 1459416, "_timestamp": 1753350686.8549225, "distance": 87.31883954387511, "_runtime": 170920.92576360703, "_step": 145}