{"train_mean_reward": 37.97769485999999, "timestep": 1269492, "_timestamp": 1753347773.5543203, "distance": 4.919805825237139, "_runtime": 157512.3187763691, "_step": 126}