{"train_mean_reward": 48.867171660000004, "timestep": 2009196, "_timestamp": 1747445601.745749, "distance": 8.374091462597553, "_runtime": 398900.7561330795, "_step": 200, "train_std_reward": 13.557215999667568, "which_best_model": "best"}