{"_runtime": 161067.53321528435, "_step": 62, "_timestamp": 1753347382.2981932, "distance": 86.98524069953226, "timestep": 619748, "train_mean_reward": 38.76358364}