{"best_phi": [0.3845, 0.1094, 0.3584, 0.1168, 0.3335, 0.1154, 0.4294, 0.0023], "train_mean_reward": 41.66293281999999, "timestep": 2009196, "_timestamp": 1747629669.9079545, "distance": 8.252876994804206, "_runtime": 495730.60917043686, "_step": 200, "episode": {"r": 29.195647, "l": 100, "t": 244363.85142}, "terminal_observation": [4.761614216836057, 4.4705587181233355, 21.23958020392734, 5.228313287463818, -27.974366071572344, 58.69792170866653, 23.48376250693667, -83.3032714308023, 52.3151823705146, 60.14286544526778, -96.18751645675636, 58.73237437349277, 80.0, -100.0, 65.0, 97.88458805745682, -86.55349114130392, 65.91449427400318, 0.008983611295936274, 0.1195437030508844, -0.0028057286915324133, 0.9927843298901705], "train_std_reward": 12.904218279774435, "which_best_model": "final", "target_mean_reward": 61.75579600000002, "target_std_reward": 2.1316282072803006e-14, "_wandb": {"runtime": 498900}}