{"best_phi": [0.11139815367108374, 3.151173631556321, 3.6700655010357055, 0.4245536164461581, 3.7284620131434068, 3.996985270566894, 0.4535596522429852, 3.951651722175157, 0.204624585039338, 0.8656157231751569], "train_mean_reward": 5.86743796, "timestep": 1809276, "_timestamp": 1752899429.3413472, "distance": 55.599820826549916, "_runtime": 218888.71640229225, "_step": 180, "train_std_reward": 7.955142370092455, "which_best_model": "final", "target_mean_reward": -4.998128000000001, "target_std_reward": 8.881784197001252e-16, "_wandb": {"runtime": 220759}}