{"_runtime": 233059.29667139053, "_step": 200, "_timestamp": 1747873908.2104003, "best_phi": [0.06501130928360488, 3.2198054127483644, 3.2303126548548597, 2.2086838180611443, 3.416034612331483, 3.2846210329991905, 1.1964492636687902, 2.523645099213251, 1.0675873606635067, 0.06488860563713317], "distance": 69.79180993525924, "timestep": 1999196, "train_mean_reward": 5.1300459, "train_std_reward": 8.876799483353103, "which_best_model": "final", "target_mean_reward": -4.998128000000001, "target_std_reward": 8.881784197001252e-16, "_wandb": {"runtime": 217652}}