{"best_phi": [0.20528727565690108, 3.5818996233268594, 2.904725446735418, 3.3982582553703056, 3.8059527264845507, 0.01641997944823448, 3.7627174686103344, 3.7540585249565956, 0.1495498071731971, 3.9093359349973023], "train_mean_reward": 16.747848299999998, "timestep": 2009196, "_timestamp": 1747262178.7792594, "distance": 69.70359350548055, "_runtime": 279426.67724752426, "_step": 200, "train_std_reward": 16.039298494334147, "which_best_model": "best", "target_mean_reward": -4.998128000000001, "target_std_reward": 8.881784197001252e-16, "_wandb": {"runtime": 281541}}