{"train_mean_reward": 47.334178359999996, "timestep": 2009196, "_timestamp": 1745975715.1912217, "distance": 15.821966164587815, "_runtime": 458428.4972486496, "_step": 200, "train_std_reward": 14.113876308965532, "which_best_model": "best"}