{"_runtime": 283488.90298867226, "_step": 199, "_timestamp": 1747924546.3127136, "best_phi": [0.008155318039264614, 0.11929336672936608, 3.7954112574394894, 3.7521570459380404, 3.8716983150489988, 0.5211572600630052, 3.729805795714174, 3.8609589831113933, 0.16403218440452716, 3.9391595040049903], "distance": 13.740347437561427, "timestep": 1989200, "train_mean_reward": 34.3481746, "episode": {"r": 48.164997, "l": 100, "t": 96374.030213}, "terminal_observation": [11.659337018899475, 3.205962627820538, 32.14506081877877, 7.097714574390648, -31.178987928873017, 62.070606474433916, 1.4407517444279367, -65.4843968364796, 61.53362090850952, 27.14652966141204, -65.12168367163936, 73.11282654468579, 80.0, -100.0, 65.0, 73.80682705574807, -77.83360948665552, 60.073491947128616, 0.01056475496743468, -0.004355031520415833, -0.004484246633253966, 0.9999246527539294], "train_std_reward": 17.524210539011964, "which_best_model": "final", "target_mean_reward": 19.135884720000004, "target_std_reward": 1.5465399600000003, "_wandb": {"runtime": 268071}}