{"train_mean_reward": 78.218863, "timestep": 1549380, "_timestamp": 1753347400.6706533, "distance": 7.899750125431059, "_runtime": 156694.6818563938, "_step": 154, "episode": {"r": 44.996609, "l": 100, "t": 42514.32667}, "terminal_observation": [-0.4445, -1.605, 38.25175, -3.3265, -12.68925, 76.93725, -10.498, -36.90475, 121.85225, -23.92425, -69.66475, 159.4135, 80.0, -100.0, 65.0, 83.541, -82.819, 69.341, -0.0, 0.146, -0.0, 0.989]}