{"best_phi": [0.6039, 0.106, 0.6457, 0.0984, 0.3192, 0.1131, 0.4195, 0.0017, 1932.2333, 8078900.0], "train_mean_reward": 31.540052739999997, "timestep": 889644, "_timestamp": 1753350035.421949, "distance": 8.42758800708508, "_runtime": 127101.6889538765, "_step": 88, "episode": {"r": 11.357293, "l": 100, "t": 44161.884046}, "terminal_observation": [-4.633113584679101, 0.44676251530951516, 42.29305199386644, 13.556808777097205, -32.40054483707476, 51.79032017036149, 21.321829523881878, -43.3656168886879, 98.48549301184596, 36.49654142868073, -41.78213860168971, 144.69648398984083, 80.0, -100.0, 65.0, 40.73185469302194, -83.39533633093295, 55.769612506805615, 0.003203052917835257, 0.25033544464259916, -0.006923323287443865, 0.9681291097794009]}