{"best_phi": [0.6419, 0.1118, 0.3486, 0.1033, 0.6797, 0.1243, 0.4299, 0.0019, 1922.2635, 8203413.0], "train_mean_reward": 42.40314162, "timestep": 2009196, "_timestamp": 1753089671.1986423, "distance": 9.41802979273022, "_runtime": 350773.7892651558, "_step": 200, "train_std_reward": 12.441768741642221, "which_best_model": "best", "target_mean_reward": 41.220351, "target_std_reward": 0.0, "_wandb": {"runtime": 354593}}