{"train_mean_reward": 14.827060259999996, "timestep": 369852, "_timestamp": 1738331541.864594, "distance": 33.92493179231995, "_runtime": 51701.92374706268, "_step": 36}