{"_runtime": 483463.1141679287, "_step": 203, "_timestamp": 1744909677.285117, "distance": 2.9958735037405426, "timestep": 2029184, "train_mean_reward": 46.41938458, "episode": {"r": 35.322655, "l": 100, "t": 158841.778944}, "terminal_observation": [9.200499014370239, -6.025481221062863, 26.879131240085243, 22.06176031575363, -19.52731431661863, 59.16195174833836, 24.834111463450412, -70.8928893172067, 83.10672347010424, 48.79619728991747, -83.8144791303671, 122.15162622664519, 80.0, -100.0, 65.0, 78.73249210395248, -81.8153842257506, 77.418665338386, 0.00483480036968704, 0.24914394373173077, 0.003355407909233958, 0.9684485847193687], "train_std_reward": 12.129658981561025, "which_best_model": "best"}