{"train_mean_reward": 44.44440112000001, "timestep": 1969212, "_timestamp": 1753172051.5717907, "distance": 4.116794219182725, "_runtime": 429284.9431858063, "_step": 196}