{"best_phi": [0.022172461881501945, 0.07278184454792093, 0.9209225247084672, 1.362971886444872e-05, 0.557450589518704, 8.846434569644601e-05, 0.466903117960578, 1.11974830353601e-05, 2003.1328725233493, 713.0648791920623], "train_mean_reward": 11.62878718, "timestep": 2009196, "_timestamp": 1745638887.007309, "distance": 60.3308158643519, "_runtime": 237593.3122739792, "_step": 200, "train_std_reward": 11.603313261258037, "which_best_model": "best", "target_mean_reward": -4.998128000000001, "target_std_reward": 8.881784197001252e-16, "_wandb": {"runtime": 239325}}