{"train_mean_reward": 18.41294418, "timestep": 929628, "_timestamp": 1738331932.786604, "distance": 18.908133184034874, "_runtime": 143968.99337482452, "_step": 92}