{"best_phi": [0.4687, 0.1903, 0.3876, 1.4686, 0.6754, 2.6464, 0.4396, 0.0012, 1965.819, 7983186.0], "train_mean_reward": -6.40547738, "timestep": 139944, "_timestamp": 1753340973.789105, "distance": 87.32091583536541, "_runtime": 95365.87789797783, "_step": 13}