{"train_mean_reward": 48.015454139999996, "timestep": 2009196, "_timestamp": 1752575657.7217867, "distance": 5.580152427231065, "_runtime": 433904.34540581703, "_step": 200, "train_std_reward": 10.94745236589934, "which_best_model": "final"}