{"train_mean_reward": 19.59360556, "timestep": 1079568, "_timestamp": 1753351509.1557705, "distance": 11.18995155631997, "_runtime": 165555.19762158394, "_step": 107}