{"best_phi": [0.005, 2.9610502295772266e-05, 1.0, 0.24749999999999997, 1.0, 1.5395694433209806e-05, 0.5, 1e-05, 2000.0, 1250.0], "train_mean_reward": 2.1735256400000007, "timestep": 2009196, "_timestamp": 1745567064.7504203, "distance": 75.24277330773104, "_runtime": 165965.50294923782, "_step": 200, "train_std_reward": 11.833016392735377, "which_best_model": "best", "target_mean_reward": -4.998128000000001, "target_std_reward": 8.881784197001252e-16, "_wandb": {"runtime": 167217}}