{"_runtime": 297333.0902571678, "_step": 199, "_timestamp": 1743735023.5568242, "best_phi": [0.20528727565690108, 3.5818996233268594, 2.904725446735418, 3.3982582553703056, 3.8059527264845507, 0.01641997944823448, 3.7627174686103344, 3.7540585249565956, 0.1495498071731971, 3.9093359349973023], "distance": 14.782762499341292, "timestep": 1989200, "train_mean_reward": 22.27472082, "train_std_reward": 15.15747662581654, "which_best_model": "best", "target_mean_reward": -4.998128000000001, "target_std_reward": 8.881784197001252e-16, "_wandb": {"runtime": 213630}}