{"best_phi": [0.2145, 0.9786, 0.7167, 0.1301, 0.4158, 0.0026, 1943.7964, 8418672.0], "train_mean_reward": 36.93406178, "timestep": 2009196, "_timestamp": 1743939261.1970782, "distance": 3.9219418508679973, "_runtime": 338271.4634311199, "_step": 200, "episode": {"r": -4.999179, "l": 100, "t": 325560.554969}, "terminal_observation": [2.3223869402675725, 3.1374951853555255, 15.05332780865808, 12.166989459795978, 1.7339165594817971, 27.719187417858933, 3.183998984390834, 14.738808020226834, 13.726356829969383, -6.491007831788169, 14.665907404433337, 8.102622801419024, 80.0, -100.0, 65.0, -1.1070699692437977, -82.07120815309266, 102.94907952337333, -0.002059127191314599, 0.005674294514810725, 0.005377396406811727, 0.9999673224585157], "train_std_reward": 19.104072599377158, "which_best_model": "best", "target_mean_reward": 58.18049799999997, "target_std_reward": 2.842170943040401e-14, "_wandb": {"runtime": 341067}}